plan_id,patient_id,start_date,end_date,prescribed_sessions_per_week
1000,1,2025-11-24,2026-01-19,3
1001,2,2025-02-27,2025-04-24,3
1002,3,2025-01-13,2025-03-10,3
1003,4,2025-05-21,2025-07-16,3
1004,5,2025-05-06,2025-07-01,3
1005,6,2025-04-25,2025-06-20,3
1006,7,2025-03-13,2025-05-08,3
1007,8,2025-02-22,2025-04-19,3
1008,9,2025-12-13,2026-02-07,3
1009,10,2025-10-07,2025-12-02,3
1010,11,2025-02-14,2025-04-11,3
1011,12,2025-10-30,2025-12-25,3
1012,13,2025-08-05,2025-09-30,3
1013,14,2025-01-17,2025-03-14,3
1014,15,2025-01-16,2025-03-13,3
1015,16,2025-02-17,2025-04-14,3
1016,17,2025-04-22,2025-06-17,3
1017,18,2025-04-30,2025-06-25,3
1018,19,2025-09-16,2025-11-11,3
1019,20,2025-11-05,2025-12-31,3
1020,21,2025-01-14,2025-03-11,3
1021,22,2025-10-15,2025-12-10,3
1022,23,2025-04-12,2025-06-07,3
1023,24,2025-11-29,2026-01-24,3
1024,25,2025-12-26,2026-02-20,3
1025,26,2025-10-07,2025-12-02,3
1026,27,2025-08-03,2025-09-28,3
1027,28,2025-04-23,2025-06-18,3
1028,29,2025-08-18,2025-10-13,3
1029,30,2025-10-29,2025-12-24,3
1030,31,2025-05-23,2025-07-18,3
1031,32,2025-01-04,2025-03-01,3
1032,33,2025-03-23,2025-05-18,3
1033,34,2025-12-24,2026-02-18,3
1034,35,2025-08-05,2025-09-30,3
1035,36,2025-06-24,2025-08-19,3
1036,37,2025-05-23,2025-07-18,3
1037,38,2025-03-21,2025-05-16,3
1038,39,2025-04-21,2025-06-16,3
1039,40,2025-06-22,2025-08-17,3
1040,41,2025-02-22,2025-04-19,3
1041,42,2025-02-17,2025-04-14,3
1042,43,2025-07-14,2025-09-08,3
1043,44,2025-02-19,2025-04-16,3
1044,45,2025-07-03,2025-08-28,3
1045,46,2025-06-26,2025-08-21,3
1046,47,2025-11-06,2026-01-01,3
1047,48,2025-05-16,2025-07-11,3
1048,49,2025-01-23,2025-03-20,3
1049,50,2025-08-24,2025-10-19,3
1050,51,2025-10-02,2025-11-27,3
1051,52,2025-03-05,2025-04-30,3
1052,53,2025-07-13,2025-09-07,3
1053,54,2025-02-10,2025-04-07,3
1054,55,2025-10-10,2025-12-05,3
1055,56,2025-05-31,2025-07-26,3
1056,57,2025-11-18,2026-01-13,3
1057,58,2025-11-13,2026-01-08,3
1058,59,2025-07-05,2025-08-30,3
1059,60,2025-10-23,2025-12-18,3
1060,61,2025-04-09,2025-06-04,3
1061,62,2025-12-27,2026-02-21,3
1062,63,2025-02-05,2025-04-02,3
1063,64,2025-01-24,2025-03-21,3
1064,65,2025-12-05,2026-01-30,3
1065,66,2025-04-27,2025-06-22,3
1066,67,2025-05-29,2025-07-24,3
1067,68,2025-02-10,2025-04-07,3
1068,69,2025-04-30,2025-06-25,3
1069,70,2025-02-21,2025-04-18,3
1070,71,2025-07-14,2025-09-08,3
1071,72,2025-05-23,2025-07-18,3
1072,73,2025-08-21,2025-10-16,3
1073,74,2025-11-22,2026-01-17,3
1074,75,2025-07-06,2025-08-31,3
1075,76,2025-03-25,2025-05-20,3
1076,77,2025-07-09,2025-09-03,3
1077,78,2025-07-01,2025-08-26,3
1078,79,2025-04-18,2025-06-13,3
1079,80,2025-12-10,2026-02-04,3
1080,81,2025-05-17,2025-07-12,3
1081,82,2025-12-26,2026-02-20,3
1082,83,2025-12-16,2026-02-10,3
1083,84,2025-11-28,2026-01-23,3
1084,85,2025-02-06,2025-04-03,3
1085,86,2025-11-08,2026-01-03,3
1086,87,2025-11-22,2026-01-17,3
1087,88,2025-03-29,2025-05-24,3
1088,89,2025-10-01,2025-11-26,3
1089,90,2025-05-06,2025-07-01,3
1090,91,2025-03-25,2025-05-20,3
1091,92,2025-08-25,2025-10-20,3
1092,93,2025-07-14,2025-09-08,3
1093,94,2025-05-19,2025-07-14,3
1094,95,2025-11-24,2026-01-19,3
1095,96,2025-12-19,2026-02-13,3
1096,97,2025-10-13,2025-12-08,3
1097,98,2025-04-23,2025-06-18,3
1098,99,2025-12-17,2026-02-11,3
1099,100,2025-06-16,2025-08-11,3
1100,101,2025-01-29,2025-03-26,3
1101,102,2025-04-28,2025-06-23,3
1102,103,2025-01-17,2025-03-14,3
1103,104,2025-06-11,2025-08-06,3
1104,105,2025-07-25,2025-09-19,3
1105,106,2025-05-18,2025-07-13,3
1106,107,2025-02-03,2025-03-31,3
1107,108,2025-04-19,2025-06-14,3
1108,109,2025-10-18,2025-12-13,3
1109,110,2025-06-11,2025-08-06,3
1110,111,2025-04-19,2025-06-14,3
1111,112,2025-12-02,2026-01-27,3
1112,113,2025-09-13,2025-11-08,3
1113,114,2025-07-22,2025-09-16,3
1114,115,2025-11-26,2026-01-21,3
1115,116,2025-08-23,2025-10-18,3
1116,117,2025-03-15,2025-05-10,3
1117,118,2025-05-16,2025-07-11,3
1118,119,2025-03-13,2025-05-08,3
1119,120,2025-05-07,2025-07-02,3
1120,121,2025-10-15,2025-12-10,3
1121,122,2025-10-03,2025-11-28,3
1122,123,2025-05-15,2025-07-10,3
1123,124,2025-10-27,2025-12-22,3
1124,125,2025-08-08,2025-10-03,3
1125,126,2025-10-26,2025-12-21,3
1126,127,2025-07-24,2025-09-18,3
1127,128,2025-07-05,2025-08-30,3
1128,129,2025-04-23,2025-06-18,3
1129,130,2025-03-12,2025-05-07,3
1130,131,2025-09-18,2025-11-13,3
1131,132,2025-09-10,2025-11-05,3
1132,133,2025-02-16,2025-04-13,3
1133,134,2025-01-25,2025-03-22,3
1134,135,2025-02-26,2025-04-23,3
1135,136,2025-03-20,2025-05-15,3
1136,137,2025-11-18,2026-01-13,3
1137,138,2025-03-23,2025-05-18,3
1138,139,2025-12-15,2026-02-09,3
1139,140,2025-08-05,2025-09-30,3
1140,141,2025-11-02,2025-12-28,3
1141,142,2025-02-02,2025-03-30,3
1142,143,2025-07-17,2025-09-11,3
1143,144,2025-07-15,2025-09-09,3
1144,145,2025-11-02,2025-12-28,3
1145,146,2025-08-28,2025-10-23,3
1146,147,2025-09-28,2025-11-23,3
1147,148,2025-05-09,2025-07-04,3
1148,149,2025-10-11,2025-12-06,3
1149,150,2025-01-06,2025-03-03,3
1150,151,2025-12-15,2026-02-09,3
1151,152,2025-02-28,2025-04-25,3
1152,153,2025-12-16,2026-02-10,3
1153,154,2025-10-02,2025-11-27,3
1154,155,2025-05-17,2025-07-12,3
1155,156,2025-11-25,2026-01-20,3
1156,157,2025-06-24,2025-08-19,3
1157,158,2025-02-27,2025-04-24,3
1158,159,2025-05-31,2025-07-26,3
1159,160,2025-08-11,2025-10-06,3
1160,161,2025-03-22,2025-05-17,3
1161,162,2025-08-21,2025-10-16,3
1162,163,2025-01-02,2025-02-27,3
1163,164,2025-05-15,2025-07-10,3
1164,165,2025-09-14,2025-11-09,3
1165,166,2025-04-02,2025-05-28,3
1166,167,2025-09-17,2025-11-12,3
1167,168,2025-02-24,2025-04-21,3
1168,169,2025-11-17,2026-01-12,3
1169,170,2025-06-02,2025-07-28,3
1170,171,2025-11-24,2026-01-19,3
1171,172,2025-09-17,2025-11-12,3
1172,173,2025-11-08,2026-01-03,3
1173,174,2025-04-12,2025-06-07,3
1174,175,2025-03-20,2025-05-15,3
1175,176,2025-07-11,2025-09-05,3
1176,177,2025-03-24,2025-05-19,3
1177,178,2025-10-04,2025-11-29,3
1178,179,2025-09-29,2025-11-24,3
1179,180,2025-01-01,2025-02-26,3
1180,181,2025-11-03,2025-12-29,3
1181,182,2025-06-15,2025-08-10,3
1182,183,2025-09-08,2025-11-03,3
1183,184,2025-01-10,2025-03-07,3
1184,185,2025-02-27,2025-04-24,3
1185,186,2025-07-05,2025-08-30,3
1186,187,2025-06-07,2025-08-02,3
1187,188,2025-05-03,2025-06-28,3
1188,189,2025-01-30,2025-03-27,3
1189,190,2025-05-04,2025-06-29,3
1190,191,2025-10-18,2025-12-13,3
1191,192,2025-02-10,2025-04-07,3
1192,193,2025-02-13,2025-04-10,3
1193,194,2025-09-06,2025-11-01,3
1194,195,2025-02-05,2025-04-02,3
1195,196,2025-09-30,2025-11-25,3
1196,197,2025-03-06,2025-05-01,3
1197,198,2025-03-07,2025-05-02,3
1198,199,2025-12-04,2026-01-29,3
1199,200,2025-09-01,2025-10-27,3
1200,201,2025-10-09,2025-12-04,3
1201,202,2025-03-26,2025-05-21,3
1202,203,2025-05-16,2025-07-11,3
1203,204,2025-09-28,2025-11-23,3
1204,205,2025-11-07,2026-01-02,3
1205,206,2025-08-05,2025-09-30,3
1206,207,2025-04-19,2025-06-14,3
1207,208,2025-10-04,2025-11-29,3
1208,209,2025-12-20,2026-02-14,3
1209,210,2025-04-13,2025-06-08,3
1210,211,2025-06-09,2025-08-04,3
1211,212,2025-07-24,2025-09-18,3
1212,213,2025-12-10,2026-02-04,3
1213,214,2025-11-29,2026-01-24,3
1214,215,2025-07-11,2025-09-05,3
1215,216,2025-08-13,2025-10-08,3
1216,217,2025-09-22,2025-11-17,3
1217,218,2025-08-20,2025-10-15,3
1218,219,2025-03-03,2025-04-28,3
1219,220,2025-05-07,2025-07-02,3
1220,221,2025-04-26,2025-06-21,3
1221,222,2025-02-02,2025-03-30,3
1222,223,2025-06-23,2025-08-18,3
1223,224,2025-01-11,2025-03-08,3
1224,225,2025-10-29,2025-12-24,3
1225,226,2025-10-11,2025-12-06,3
1226,227,2025-04-28,2025-06-23,3
1227,228,2025-10-29,2025-12-24,3
1228,229,2025-04-23,2025-06-18,3
1229,230,2025-01-04,2025-03-01,3
1230,231,2025-02-06,2025-04-03,3
1231,232,2025-12-29,2026-02-23,3
1232,233,2025-11-20,2026-01-15,3
1233,234,2025-01-31,2025-03-28,3
1234,235,2025-04-28,2025-06-23,3
1235,236,2025-02-04,2025-04-01,3
1236,237,2025-01-17,2025-03-14,3
1237,238,2025-06-19,2025-08-14,3
1238,239,2025-02-06,2025-04-03,3
1239,240,2025-09-21,2025-11-16,3
1240,241,2025-05-02,2025-06-27,3
1241,242,2025-05-23,2025-07-18,3
1242,243,2025-12-09,2026-02-03,3
1243,244,2025-09-06,2025-11-01,3
1244,245,2025-04-20,2025-06-15,3
1245,246,2025-10-04,2025-11-29,3
1246,247,2025-03-09,2025-05-04,3
1247,248,2025-10-20,2025-12-15,3
1248,249,2025-10-23,2025-12-18,3
1249,250,2025-08-31,2025-10-26,3
1250,251,2025-05-05,2025-06-30,3
1251,252,2025-08-31,2025-10-26,3
1252,253,2025-07-28,2025-09-22,3
1253,254,2025-04-08,2025-06-03,3
1254,255,2025-02-18,2025-04-15,3
1255,256,2025-02-19,2025-04-16,3
1256,257,2025-12-04,2026-01-29,3
1257,258,2025-08-09,2025-10-04,3
1258,259,2025-07-01,2025-08-26,3
1259,260,2025-08-05,2025-09-30,3
1260,261,2025-07-30,2025-09-24,3
1261,262,2025-08-28,2025-10-23,3
1262,263,2025-01-28,2025-03-25,3
1263,264,2025-12-11,2026-02-05,3
1264,265,2025-12-01,2026-01-26,3
1265,266,2025-11-27,2026-01-22,3
1266,267,2025-02-20,2025-04-17,3
1267,268,2025-02-01,2025-03-29,3
1268,269,2025-07-26,2025-09-20,3
1269,270,2025-06-23,2025-08-18,3
1270,271,2025-02-25,2025-04-22,3
1271,272,2025-05-08,2025-07-03,3
1272,273,2025-04-09,2025-06-04,3
1273,274,2025-04-08,2025-06-03,3
1274,275,2025-10-02,2025-11-27,3
1275,276,2025-08-18,2025-10-13,3
1276,277,2025-03-13,2025-05-08,3
1277,278,2025-08-05,2025-09-30,3
1278,279,2025-04-04,2025-05-30,3
1279,280,2025-05-23,2025-07-18,3
1280,281,2025-08-25,2025-10-20,3
1281,282,2025-05-08,2025-07-03,3
1282,283,2025-02-08,2025-04-05,3
1283,284,2025-08-15,2025-10-10,3
1284,285,2025-10-09,2025-12-04,3
1285,286,2025-02-20,2025-04-17,3
1286,287,2025-01-26,2025-03-23,3
1287,288,2025-11-30,2026-01-25,3
1288,289,2025-10-04,2025-11-29,3
1289,290,2025-01-08,2025-03-05,3
1290,291,2025-02-17,2025-04-14,3
1291,292,2025-05-02,2025-06-27,3
1292,293,2025-03-27,2025-05-22,3
1293,294,2025-07-28,2025-09-22,3
1294,295,2025-09-06,2025-11-01,3
1295,296,2025-09-04,2025-10-30,3
1296,297,2025-04-20,2025-06-15,3
1297,298,2025-07-25,2025-09-19,3
1298,299,2025-01-31,2025-03-28,3
1299,300,2025-03-26,2025-05-21,3
1300,301,2025-07-14,2025-09-08,3
1301,302,2025-01-02,2025-02-27,3
1302,303,2025-07-19,2025-09-13,3
1303,304,2025-05-16,2025-07-11,3
1304,305,2025-08-21,2025-10-16,3
1305,306,2025-05-27,2025-07-22,3
1306,307,2025-08-05,2025-09-30,3
1307,308,2025-12-23,2026-02-17,3
1308,309,2025-10-12,2025-12-07,3
1309,310,2025-12-05,2026-01-30,3
1310,311,2025-09-07,2025-11-02,3
1311,312,2025-03-21,2025-05-16,3
1312,313,2025-04-08,2025-06-03,3
1313,314,2025-06-01,2025-07-27,3
1314,315,2025-04-22,2025-06-17,3
1315,316,2025-01-30,2025-03-27,3
1316,317,2025-10-24,2025-12-19,3
1317,318,2025-10-05,2025-11-30,3
1318,319,2025-02-01,2025-03-29,3
1319,320,2025-06-10,2025-08-05,3
1320,321,2025-01-30,2025-03-27,3
1321,322,2025-01-26,2025-03-23,3
1322,323,2025-10-27,2025-12-22,3
1323,324,2025-09-02,2025-10-28,3
1324,325,2025-09-15,2025-11-10,3
1325,326,2025-09-29,2025-11-24,3
1326,327,2025-03-22,2025-05-17,3
1327,328,2025-01-30,2025-03-27,3
1328,329,2025-09-18,2025-11-13,3
1329,330,2025-02-11,2025-04-08,3
1330,331,2025-04-06,2025-06-01,3
1331,332,2025-02-05,2025-04-02,3
1332,333,2025-11-01,2025-12-27,3
1333,334,2025-02-04,2025-04-01,3
1334,335,2025-12-12,2026-02-06,3
1335,336,2025-05-01,2025-06-26,3
1336,337,2025-07-26,2025-09-20,3
1337,338,2025-03-03,2025-04-28,3
1338,339,2025-10-19,2025-12-14,3
1339,340,2025-05-07,2025-07-02,3
1340,341,2025-10-24,2025-12-19,3
1341,342,2025-11-01,2025-12-27,3
1342,343,2025-01-21,2025-03-18,3
1343,344,2025-11-14,2026-01-09,3
1344,345,2025-02-11,2025-04-08,3
1345,346,2025-08-03,2025-09-28,3
1346,347,2025-12-03,2026-01-28,3
1347,348,2025-10-26,2025-12-21,3
1348,349,2025-10-17,2025-12-12,3
1349,350,2025-09-25,2025-11-20,3
1350,351,2025-06-11,2025-08-06,3
1351,352,2025-05-14,2025-07-09,3
1352,353,2025-04-15,2025-06-10,3
1353,354,2025-12-09,2026-02-03,3
1354,355,2025-06-10,2025-08-05,3
1355,356,2025-05-03,2025-06-28,3
1356,357,2025-05-16,2025-07-11,3
1357,358,2025-07-22,2025-09-16,3
1358,359,2025-03-09,2025-05-04,3
1359,360,2025-12-10,2026-02-04,3
1360,361,2025-11-27,2026-01-22,3
1361,362,2025-06-03,2025-07-29,3
1362,363,2025-08-23,2025-10-18,3
1363,364,2025-06-11,2025-08-06,3
1364,365,2025-02-07,2025-04-04,3
1365,366,2025-01-05,2025-03-02,3
1366,367,2025-08-23,2025-10-18,3
1367,368,2025-11-15,2026-01-10,3
1368,369,2025-10-16,2025-12-11,3
1369,370,2025-02-21,2025-04-18,3
1370,371,2025-02-07,2025-04-04,3
1371,372,2025-10-03,2025-11-28,3
1372,373,2025-04-20,2025-06-15,3
1373,374,2025-09-17,2025-11-12,3
1374,375,2025-05-16,2025-07-11,3
1375,376,2025-03-09,2025-05-04,3
1376,377,2025-06-28,2025-08-23,3
1377,378,2025-02-05,2025-04-02,3
1378,379,2025-05-06,2025-07-01,3
1379,380,2025-07-09,2025-09-03,3
1380,381,2025-05-26,2025-07-21,3
1381,382,2025-03-22,2025-05-17,3
1382,383,2025-08-13,2025-10-08,3
1383,384,2025-10-06,2025-12-01,3
1384,385,2025-12-27,2026-02-21,3
1385,386,2025-06-04,2025-07-30,3
1386,387,2025-11-10,2026-01-05,3
1387,388,2025-12-01,2026-01-26,3
1388,389,2025-09-28,2025-11-23,3
1389,390,2025-01-05,2025-03-02,3
1390,391,2025-12-08,2026-02-02,3
1391,392,2025-10-11,2025-12-06,3
1392,393,2025-06-03,2025-07-29,3
1393,394,2025-12-06,2026-01-31,3
1394,395,2025-02-23,2025-04-20,3
1395,396,2025-03-10,2025-05-05,3
1396,397,2025-05-16,2025-07-11,3
1397,398,2025-03-01,2025-04-26,3
1398,399,2025-02-24,2025-04-21,3
1399,400,2025-10-11,2025-12-06,3
1400,401,2025-03-21,2025-05-16,3
1401,402,2025-05-20,2025-07-15,3
1402,403,2025-05-25,2025-07-20,3
1403,404,2025-11-06,2026-01-01,3
1404,405,2025-04-18,2025-06-13,3
1405,406,2025-06-25,2025-08-20,3
1406,407,2025-04-15,2025-06-10,3
1407,408,2025-12-18,2026-02-12,3
1408,409,2025-11-21,2026-01-16,3
1409,410,2025-05-16,2025-07-11,3
1410,411,2025-09-16,2025-11-11,3
1411,412,2025-09-08,2025-11-03,3
1412,413,2025-05-09,2025-07-04,3
1413,414,2025-01-27,2025-03-24,3
1414,415,2025-02-17,2025-04-14,3
1415,416,2025-11-21,2026-01-16,3
1416,417,2025-08-05,2025-09-30,3
1417,418,2025-05-22,2025-07-17,3
1418,419,2025-01-23,2025-03-20,3
1419,420,2025-01-02,2025-02-27,3
1420,421,2025-06-20,2025-08-15,3
1421,422,2025-03-08,2025-05-03,3
1422,423,2025-11-23,2026-01-18,3
1423,424,2025-05-15,2025-07-10,3
1424,425,2025-03-24,2025-05-19,3
1425,426,2025-08-15,2025-10-10,3
1426,427,2025-10-10,2025-12-05,3
1427,428,2025-12-28,2026-02-22,3
1428,429,2025-08-07,2025-10-02,3
1429,430,2025-10-15,2025-12-10,3
1430,431,2025-01-05,2025-03-02,3
1431,432,2025-02-27,2025-04-24,3
1432,433,2025-02-08,2025-04-05,3
1433,434,2025-12-20,2026-02-14,3
1434,435,2025-03-18,2025-05-13,3
1435,436,2025-10-07,2025-12-02,3
1436,437,2025-01-19,2025-03-16,3
1437,438,2025-07-09,2025-09-03,3
1438,439,2025-10-26,2025-12-21,3
1439,440,2025-10-10,2025-12-05,3
1440,441,2025-03-17,2025-05-12,3
1441,442,2025-08-09,2025-10-04,3
1442,443,2025-03-07,2025-05-02,3
1443,444,2025-01-22,2025-03-19,3
1444,445,2025-06-07,2025-08-02,3
1445,446,2025-07-06,2025-08-31,3
1446,447,2025-01-21,2025-03-18,3
1447,448,2025-07-03,2025-08-28,3
1448,449,2025-04-18,2025-06-13,3
1449,450,2025-12-16,2026-02-10,3
1450,451,2025-05-08,2025-07-03,3
1451,452,2025-12-08,2026-02-02,3
1452,453,2025-02-22,2025-04-19,3
1453,454,2025-07-01,2025-08-26,3
1454,455,2025-10-14,2025-12-09,3
1455,456,2025-07-28,2025-09-22,3
1456,457,2025-11-14,2026-01-09,3
1457,458,2025-03-21,2025-05-16,3
1458,459,2025-05-02,2025-06-27,3
1459,460,2025-03-25,2025-05-20,3
1460,461,2025-04-01,2025-05-27,3
1461,462,2025-07-31,2025-09-25,3
1462,463,2025-01-13,2025-03-10,3
1463,464,2025-04-02,2025-05-28,3
1464,465,2025-06-20,2025-08-15,3
1465,466,2025-07-30,2025-09-24,3
1466,467,2025-12-09,2026-02-03,3
1467,468,2025-05-08,2025-07-03,3
1468,469,2025-05-17,2025-07-12,3
1469,470,2025-03-23,2025-05-18,3
1470,471,2025-12-26,2026-02-20,3
1471,472,2025-02-25,2025-04-22,3
1472,473,2025-07-15,2025-09-09,3
1473,474,2025-01-20,2025-03-17,3
1474,475,2025-08-29,2025-10-24,3
1475,476,2025-04-24,2025-06-19,3
1476,477,2025-04-13,2025-06-08,3
1477,478,2025-08-24,2025-10-19,3
1478,479,2025-06-29,2025-08-24,3
1479,480,2025-06-06,2025-08-01,3
1480,481,2025-04-27,2025-06-22,3
1481,482,2025-04-25,2025-06-20,3
1482,483,2025-01-13,2025-03-10,3
1483,484,2025-12-04,2026-01-29,3
1484,485,2025-04-09,2025-06-04,3
1485,486,2025-07-24,2025-09-18,3
1486,487,2025-06-18,2025-08-13,3
1487,488,2025-05-23,2025-07-18,3
1488,489,2025-02-05,2025-04-02,3
1489,490,2025-05-23,2025-07-18,3
1490,491,2025-06-29,2025-08-24,3
1491,492,2025-11-25,2026-01-20,3
1492,493,2025-09-18,2025-11-13,3
1493,494,2025-07-24,2025-09-18,3
1494,495,2025-12-14,2026-02-08,3
1495,496,2025-10-02,2025-11-27,3
1496,497,2025-06-19,2025-08-14,3
1497,498,2025-01-15,2025-03-12,3
1498,499,2025-03-01,2025-04-26,3
1499,500,2025-05-14,2025-07-09,3
1500,501,2025-04-02,2025-05-28,3
1501,502,2025-10-25,2025-12-20,3
1502,503,2025-05-16,2025-07-11,3
1503,504,2025-01-20,2025-03-17,3
1504,505,2025-02-25,2025-04-22,3
1505,506,2025-11-02,2025-12-28,3
1506,507,2025-08-11,2025-10-06,3
1507,508,2025-06-26,2025-08-21,3
1508,509,2025-06-10,2025-08-05,3
1509,510,2025-08-12,2025-10-07,3
1510,511,2025-11-07,2026-01-02,3
1511,512,2025-09-19,2025-11-14,3
1512,513,2025-03-01,2025-04-26,3
1513,514,2025-07-17,2025-09-11,3
1514,515,2025-10-23,2025-12-18,3
1515,516,2025-04-08,2025-06-03,3
1516,517,2025-05-11,2025-07-06,3
1517,518,2025-01-23,2025-03-20,3
1518,519,2025-12-29,2026-02-23,3
1519,520,2025-08-12,2025-10-07,3
1520,521,2025-01-01,2025-02-26,3
1521,522,2025-09-24,2025-11-19,3
1522,523,2025-10-03,2025-11-28,3
1523,524,2025-12-18,2026-02-12,3
1524,525,2025-12-10,2026-02-04,3
1525,526,2025-04-11,2025-06-06,3
1526,527,2025-07-06,2025-08-31,3
1527,528,2025-08-09,2025-10-04,3
1528,529,2025-02-05,2025-04-02,3
1529,530,2025-12-07,2026-02-01,3
1530,531,2025-06-19,2025-08-14,3
1531,532,2025-11-16,2026-01-11,3
1532,533,2025-06-10,2025-08-05,3
1533,534,2025-12-06,2026-01-31,3
1534,535,2025-03-05,2025-04-30,3
1535,536,2025-06-03,2025-07-29,3
1536,537,2025-09-17,2025-11-12,3
1537,538,2025-06-08,2025-08-03,3
1538,539,2025-12-08,2026-02-02,3
1539,540,2025-07-29,2025-09-23,3
1540,541,2025-06-17,2025-08-12,3
1541,542,2025-07-26,2025-09-20,3
1542,543,2025-12-23,2026-02-17,3
1543,544,2025-06-01,2025-07-27,3
1544,545,2025-10-11,2025-12-06,3
1545,546,2025-03-07,2025-05-02,3
1546,547,2025-04-09,2025-06-04,3
1547,548,2025-08-04,2025-09-29,3
1548,549,2025-12-07,2026-02-01,3
1549,550,2025-07-14,2025-09-08,3
1550,551,2025-12-13,2026-02-07,3
1551,552,2025-03-31,2025-05-26,3
1552,553,2025-11-12,2026-01-07,3
1553,554,2025-10-19,2025-12-14,3
1554,555,2025-06-04,2025-07-30,3
1555,556,2025-07-27,2025-09-21,3
1556,557,2025-10-08,2025-12-03,3
1557,558,2025-01-01,2025-02-26,3
1558,559,2025-06-05,2025-07-31,3
1559,560,2025-05-27,2025-07-22,3
1560,561,2025-04-18,2025-06-13,3
1561,562,2025-08-09,2025-10-04,3
1562,563,2025-10-24,2025-12-19,3
1563,564,2025-11-07,2026-01-02,3
1564,565,2025-12-02,2026-01-27,3
1565,566,2025-06-14,2025-08-09,3
1566,567,2025-08-27,2025-10-22,3
1567,568,2025-08-15,2025-10-10,3
1568,569,2025-08-15,2025-10-10,3
1569,570,2025-12-12,2026-02-06,3
1570,571,2025-04-20,2025-06-15,3
1571,572,2025-09-19,2025-11-14,3
1572,573,2025-08-31,2025-10-26,3
1573,574,2025-03-28,2025-05-23,3
1574,575,2025-12-04,2026-01-29,3
1575,576,2025-02-13,2025-04-10,3
1576,577,2025-05-26,2025-07-21,3
1577,578,2025-09-21,2025-11-16,3
1578,579,2025-12-06,2026-01-31,3
1579,580,2025-11-21,2026-01-16,3
1580,581,2025-11-14,2026-01-09,3
1581,582,2025-06-21,2025-08-16,3
1582,583,2025-02-17,2025-04-14,3
1583,584,2025-05-01,2025-06-26,3
1584,585,2025-12-11,2026-02-05,3
1585,586,2025-06-08,2025-08-03,3
1586,587,2025-04-26,2025-06-21,3
1587,588,2025-04-12,2025-06-07,3
1588,589,2025-03-17,2025-05-12,3
1589,590,2025-01-13,2025-03-10,3
1590,591,2025-01-24,2025-03-21,3
1591,592,2025-05-06,2025-07-01,3
1592,593,2025-09-01,2025-10-27,3
1593,594,2025-11-09,2026-01-04,3
1594,595,2025-02-07,2025-04-04,3
1595,596,2025-08-22,2025-10-17,3
1596,597,2025-08-01,2025-09-26,3
1597,598,2025-11-19,2026-01-14,3
1598,599,2025-10-22,2025-12-17,3
1599,600,2025-04-10,2025-06-05,3
1600,601,2025-12-23,2026-02-17,3
1601,602,2025-07-16,2025-09-10,3
1602,603,2025-09-11,2025-11-06,3
1603,604,2025-07-24,2025-09-18,3
1604,605,2025-05-05,2025-06-30,3
1605,606,2025-03-17,2025-05-12,3
1606,607,2025-12-02,2026-01-27,3
1607,608,2025-12-19,2026-02-13,3
1608,609,2025-01-03,2025-02-28,3
1609,610,2025-02-24,2025-04-21,3
1610,611,2025-08-06,2025-10-01,3
1611,612,2025-04-23,2025-06-18,3
1612,613,2025-04-01,2025-05-27,3
1613,614,2025-12-23,2026-02-17,3
1614,615,2025-09-23,2025-11-18,3
1615,616,2025-08-26,2025-10-21,3
1616,617,2025-01-26,2025-03-23,3
1617,618,2025-10-13,2025-12-08,3
1618,619,2025-05-08,2025-07-03,3
1619,620,2025-03-04,2025-04-29,3
1620,621,2025-08-22,2025-10-17,3
1621,622,2025-03-10,2025-05-05,3
1622,623,2025-08-26,2025-10-21,3
1623,624,2025-12-08,2026-02-02,3
1624,625,2025-09-29,2025-11-24,3
1625,626,2025-10-14,2025-12-09,3
1626,627,2025-11-01,2025-12-27,3
1627,628,2025-06-12,2025-08-07,3
1628,629,2025-08-15,2025-10-10,3
1629,630,2025-11-10,2026-01-05,3
1630,631,2025-09-16,2025-11-11,3
1631,632,2025-08-07,2025-10-02,3
1632,633,2025-10-08,2025-12-03,3
1633,634,2025-08-17,2025-10-12,3
1634,635,2025-03-23,2025-05-18,3
1635,636,2025-09-01,2025-10-27,3
1636,637,2025-08-19,2025-10-14,3
1637,638,2025-05-13,2025-07-08,3
1638,639,2025-05-07,2025-07-02,3
1639,640,2025-11-23,2026-01-18,3
1640,641,2025-05-22,2025-07-17,3
1641,642,2025-09-24,2025-11-19,3
1642,643,2025-09-06,2025-11-01,3
1643,644,2025-11-17,2026-01-12,3
1644,645,2025-05-03,2025-06-28,3
1645,646,2025-05-21,2025-07-16,3
1646,647,2025-08-14,2025-10-09,3
1647,648,2025-02-09,2025-04-06,3
1648,649,2025-05-27,2025-07-22,3
1649,650,2025-05-01,2025-06-26,3
1650,651,2025-05-20,2025-07-15,3
1651,652,2025-06-21,2025-08-16,3
1652,653,2025-06-13,2025-08-08,3
1653,654,2025-10-04,2025-11-29,3
1654,655,2025-02-11,2025-04-08,3
1655,656,2025-03-12,2025-05-07,3
1656,657,2025-03-19,2025-05-14,3
1657,658,2025-04-29,2025-06-24,3
1658,659,2025-07-16,2025-09-10,3
1659,660,2025-12-22,2026-02-16,3
1660,661,2025-03-20,2025-05-15,3
1661,662,2025-12-28,2026-02-22,3
1662,663,2025-04-20,2025-06-15,3
1663,664,2025-02-02,2025-03-30,3
1664,665,2025-08-01,2025-09-26,3
1665,666,2025-07-28,2025-09-22,3
1666,667,2025-06-19,2025-08-14,3
1667,668,2025-10-05,2025-11-30,3
1668,669,2025-08-27,2025-10-22,3
1669,670,2025-08-01,2025-09-26,3
1670,671,2025-02-01,2025-03-29,3
1671,672,2025-04-16,2025-06-11,3
1672,673,2025-08-04,2025-09-29,3
1673,674,2025-07-19,2025-09-13,3
1674,675,2025-10-27,2025-12-22,3
1675,676,2025-12-23,2026-02-17,3
1676,677,2025-01-11,2025-03-08,3
1677,678,2025-10-22,2025-12-17,3
1678,679,2025-07-14,2025-09-08,3
1679,680,2025-09-02,2025-10-28,3
1680,681,2025-01-04,2025-03-01,3
1681,682,2025-06-30,2025-08-25,3
1682,683,2025-06-02,2025-07-28,3
1683,684,2025-07-19,2025-09-13,3
1684,685,2025-08-03,2025-09-28,3
1685,686,2025-10-03,2025-11-28,3
1686,687,2025-10-07,2025-12-02,3
1687,688,2025-11-05,2025-12-31,3
1688,689,2025-04-23,2025-06-18,3
1689,690,2025-09-07,2025-11-02,3
1690,691,2025-04-23,2025-06-18,3
1691,692,2025-05-20,2025-07-15,3
1692,693,2025-08-12,2025-10-07,3
1693,694,2025-09-06,2025-11-01,3
1694,695,2025-01-15,2025-03-12,3
1695,696,2025-07-19,2025-09-13,3
1696,697,2025-06-22,2025-08-17,3
1697,698,2025-12-09,2026-02-03,3
1698,699,2025-12-14,2026-02-08,3
1699,700,2025-07-27,2025-09-21,3
1700,701,2025-03-26,2025-05-21,3
1701,702,2025-08-28,2025-10-23,3
1702,703,2025-03-07,2025-05-02,3
1703,704,2025-11-15,2026-01-10,3
1704,705,2025-10-01,2025-11-26,3
1705,706,2025-01-14,2025-03-11,3
1706,707,2025-07-21,2025-09-15,3
1707,708,2025-10-31,2025-12-26,3
1708,709,2025-10-16,2025-12-11,3
1709,710,2025-12-06,2026-01-31,3
1710,711,2025-01-14,2025-03-11,3
1711,712,2025-02-12,2025-04-09,3
1712,713,2025-11-26,2026-01-21,3
1713,714,2025-08-08,2025-10-03,3
1714,715,2025-03-11,2025-05-06,3
1715,716,2025-08-25,2025-10-20,3
1716,717,2025-04-04,2025-05-30,3
1717,718,2025-01-26,2025-03-23,3
1718,719,2025-05-14,2025-07-09,3
1719,720,2025-07-14,2025-09-08,3
1720,721,2025-06-17,2025-08-12,3
1721,722,2025-04-19,2025-06-14,3
1722,723,2025-08-21,2025-10-16,3
1723,724,2025-06-17,2025-08-12,3
1724,725,2025-06-22,2025-08-17,3
1725,726,2025-07-14,2025-09-08,3
1726,727,2025-05-23,2025-07-18,3
1727,728,2025-08-04,2025-09-29,3
1728,729,2025-05-10,2025-07-05,3
1729,730,2025-02-11,2025-04-08,3
1730,731,2025-08-29,2025-10-24,3
1731,732,2025-01-10,2025-03-07,3
1732,733,2025-10-04,2025-11-29,3
1733,734,2025-01-27,2025-03-24,3
1734,735,2025-06-29,2025-08-24,3
1735,736,2025-04-25,2025-06-20,3
1736,737,2025-11-29,2026-01-24,3
1737,738,2025-02-05,2025-04-02,3
1738,739,2025-11-30,2026-01-25,3
1739,740,2025-01-21,2025-03-18,3
1740,741,2025-01-16,2025-03-13,3
1741,742,2025-05-07,2025-07-02,3
1742,743,2025-04-13,2025-06-08,3
1743,744,2025-01-11,2025-03-08,3
1744,745,2025-11-15,2026-01-10,3
1745,746,2025-03-20,2025-05-15,3
1746,747,2025-05-03,2025-06-28,3
1747,748,2025-03-06,2025-05-01,3
1748,749,2025-08-31,2025-10-26,3
1749,750,2025-12-09,2026-02-03,3
1750,751,2025-02-28,2025-04-25,3
1751,752,2025-10-16,2025-12-11,3
1752,753,2025-04-22,2025-06-17,3
1753,754,2025-08-27,2025-10-22,3
1754,755,2025-12-25,2026-02-19,3
1755,756,2025-05-12,2025-07-07,3
1756,757,2025-07-08,2025-09-02,3
1757,758,2025-03-27,2025-05-22,3
1758,759,2025-11-07,2026-01-02,3
1759,760,2025-11-07,2026-01-02,3
1760,761,2025-02-28,2025-04-25,3
1761,762,2025-03-25,2025-05-20,3
1762,763,2025-06-09,2025-08-04,3
1763,764,2025-02-25,2025-04-22,3
1764,765,2025-10-24,2025-12-19,3
1765,766,2025-01-14,2025-03-11,3
1766,767,2025-06-09,2025-08-04,3
1767,768,2025-10-22,2025-12-17,3
1768,769,2025-12-13,2026-02-07,3
1769,770,2025-07-12,2025-09-06,3
1770,771,2025-07-23,2025-09-17,3
1771,772,2025-04-12,2025-06-07,3
1772,773,2025-02-08,2025-04-05,3
1773,774,2025-10-31,2025-12-26,3
1774,775,2025-12-20,2026-02-14,3
1775,776,2025-11-18,2026-01-13,3
1776,777,2025-05-05,2025-06-30,3
1777,778,2025-02-22,2025-04-19,3
1778,779,2025-12-23,2026-02-17,3
1779,780,2025-06-04,2025-07-30,3
1780,781,2025-12-17,2026-02-11,3
1781,782,2025-11-04,2025-12-30,3
1782,783,2025-03-03,2025-04-28,3
1783,784,2025-10-17,2025-12-12,3
1784,785,2025-01-22,2025-03-19,3
1785,786,2025-06-27,2025-08-22,3
1786,787,2025-09-30,2025-11-25,3
1787,788,2025-08-08,2025-10-03,3
1788,789,2025-12-05,2026-01-30,3
1789,790,2025-07-09,2025-09-03,3
1790,791,2025-02-05,2025-04-02,3
1791,792,2025-09-17,2025-11-12,3
1792,793,2025-11-28,2026-01-23,3
1793,794,2025-06-24,2025-08-19,3
1794,795,2025-01-07,2025-03-04,3
1795,796,2025-08-04,2025-09-29,3
1796,797,2025-09-08,2025-11-03,3
1797,798,2025-02-24,2025-04-21,3
1798,799,2025-08-10,2025-10-05,3
1799,800,2025-07-05,2025-08-30,3
1800,801,2025-11-22,2026-01-17,3
1801,802,2025-08-24,2025-10-19,3
1802,803,2025-12-29,2026-02-23,3
1803,804,2025-03-20,2025-05-15,3
1804,805,2025-08-11,2025-10-06,3
1805,806,2025-04-01,2025-05-27,3
1806,807,2025-09-25,2025-11-20,3
1807,808,2025-11-30,2026-01-25,3
1808,809,2025-05-19,2025-07-14,3
1809,810,2025-11-12,2026-01-07,3
1810,811,2025-10-03,2025-11-28,3
1811,812,2025-09-05,2025-10-31,3
1812,813,2025-08-27,2025-10-22,3
1813,814,2025-08-12,2025-10-07,3
1814,815,2025-10-31,2025-12-26,3
1815,816,2025-05-18,2025-07-13,3
1816,817,2025-06-15,2025-08-10,3
1817,818,2025-05-06,2025-07-01,3
1818,819,2025-02-14,2025-04-11,3
1819,820,2025-05-23,2025-07-18,3
1820,821,2025-08-19,2025-10-14,3
1821,822,2025-05-05,2025-06-30,3
1822,823,2025-08-26,2025-10-21,3
1823,824,2025-10-19,2025-12-14,3
1824,825,2025-11-09,2026-01-04,3
1825,826,2025-12-09,2026-02-03,3
1826,827,2025-07-14,2025-09-08,3
1827,828,2025-06-22,2025-08-17,3
1828,829,2025-01-15,2025-03-12,3
1829,830,2025-09-11,2025-11-06,3
1830,831,2025-06-16,2025-08-11,3
1831,832,2025-04-04,2025-05-30,3
1832,833,2025-09-07,2025-11-02,3
1833,834,2025-04-19,2025-06-14,3
1834,835,2025-07-01,2025-08-26,3
1835,836,2025-05-13,2025-07-08,3
1836,837,2025-06-24,2025-08-19,3
1837,838,2025-05-24,2025-07-19,3
1838,839,2025-11-02,2025-12-28,3
1839,840,2025-12-26,2026-02-20,3
1840,841,2025-05-22,2025-07-17,3
1841,842,2025-10-12,2025-12-07,3
1842,843,2025-01-06,2025-03-03,3
1843,844,2025-09-22,2025-11-17,3
1844,845,2025-04-08,2025-06-03,3
1845,846,2025-02-13,2025-04-10,3
1846,847,2025-05-04,2025-06-29,3
1847,848,2025-07-28,2025-09-22,3
1848,849,2025-09-08,2025-11-03,3
1849,850,2025-10-12,2025-12-07,3
1850,851,2025-05-04,2025-06-29,3
1851,852,2025-12-20,2026-02-14,3
1852,853,2025-09-01,2025-10-27,3
1853,854,2025-11-27,2026-01-22,3
1854,855,2025-12-31,2026-02-25,3
1855,856,2025-09-09,2025-11-04,3
1856,857,2025-08-18,2025-10-13,3
1857,858,2025-01-09,2025-03-06,3
1858,859,2025-02-17,2025-04-14,3
1859,860,2025-05-31,2025-07-26,3
1860,861,2025-04-24,2025-06-19,3
1861,862,2025-07-27,2025-09-21,3
1862,863,2025-12-21,2026-02-15,3
1863,864,2025-05-05,2025-06-30,3
1864,865,2025-06-06,2025-08-01,3
1865,866,2025-12-06,2026-01-31,3
1866,867,2025-10-25,2025-12-20,3
1867,868,2025-07-08,2025-09-02,3
1868,869,2025-08-31,2025-10-26,3
1869,870,2025-10-11,2025-12-06,3
1870,871,2025-09-29,2025-11-24,3
1871,872,2025-06-26,2025-08-21,3
1872,873,2025-08-06,2025-10-01,3
1873,874,2025-10-09,2025-12-04,3
1874,875,2025-06-19,2025-08-14,3
1875,876,2025-06-30,2025-08-25,3
1876,877,2025-12-26,2026-02-20,3
1877,878,2025-08-21,2025-10-16,3
1878,879,2025-05-19,2025-07-14,3
1879,880,2025-06-06,2025-08-01,3
1880,881,2025-05-09,2025-07-04,3
1881,882,2025-04-29,2025-06-24,3
1882,883,2025-03-03,2025-04-28,3
1883,884,2025-04-09,2025-06-04,3
1884,885,2025-06-11,2025-08-06,3
1885,886,2025-03-03,2025-04-28,3
1886,887,2025-10-02,2025-11-27,3
1887,888,2025-12-20,2026-02-14,3
1888,889,2025-04-05,2025-05-31,3
1889,890,2025-04-09,2025-06-04,3
1890,891,2025-04-21,2025-06-16,3
1891,892,2025-09-05,2025-10-31,3
1892,893,2025-05-22,2025-07-17,3
1893,894,2025-10-29,2025-12-24,3
1894,895,2025-09-26,2025-11-21,3
1895,896,2025-11-02,2025-12-28,3
1896,897,2025-05-25,2025-07-20,3
1897,898,2025-02-21,2025-04-18,3
1898,899,2025-04-10,2025-06-05,3
1899,900,2025-06-01,2025-07-27,3
1900,901,2025-04-27,2025-06-22,3
1901,902,2025-07-04,2025-08-29,3
1902,903,2025-04-02,2025-05-28,3
1903,904,2025-06-04,2025-07-30,3
1904,905,2025-01-08,2025-03-05,3
1905,906,2025-12-29,2026-02-23,3
1906,907,2025-10-01,2025-11-26,3
1907,908,2025-03-06,2025-05-01,3
1908,909,2025-05-21,2025-07-16,3
1909,910,2025-01-24,2025-03-21,3
1910,911,2025-01-28,2025-03-25,3
1911,912,2025-10-11,2025-12-06,3
1912,913,2025-05-30,2025-07-25,3
1913,914,2025-12-24,2026-02-18,3
1914,915,2025-03-06,2025-05-01,3
1915,916,2025-11-23,2026-01-18,3
1916,917,2025-09-09,2025-11-04,3
1917,918,2025-02-22,2025-04-19,3
1918,919,2025-01-07,2025-03-04,3
1919,920,2025-10-21,2025-12-16,3
1920,921,2025-05-26,2025-07-21,3
1921,922,2025-08-29,2025-10-24,3
1922,923,2025-09-03,2025-10-29,3
1923,924,2025-08-14,2025-10-09,3
1924,925,2025-06-24,2025-08-19,3
1925,926,2025-04-05,2025-05-31,3
1926,927,2025-01-27,2025-03-24,3
1927,928,2025-05-10,2025-07-05,3
1928,929,2025-09-02,2025-10-28,3
1929,930,2025-02-28,2025-04-25,3
1930,931,2025-02-03,2025-03-31,3
1931,932,2025-07-25,2025-09-19,3
1932,933,2025-09-09,2025-11-04,3
1933,934,2025-02-07,2025-04-04,3
1934,935,2025-10-23,2025-12-18,3
1935,936,2025-11-19,2026-01-14,3
1936,937,2025-12-18,2026-02-12,3
1937,938,2025-01-28,2025-03-25,3
1938,939,2025-03-19,2025-05-14,3
1939,940,2025-03-18,2025-05-13,3
1940,941,2025-10-16,2025-12-11,3
1941,942,2025-06-05,2025-07-31,3
1942,943,2025-02-13,2025-04-10,3
1943,944,2025-05-08,2025-07-03,3
1944,945,2025-03-02,2025-04-27,3
1945,946,2025-10-13,2025-12-08,3
1946,947,2025-08-02,2025-09-27,3
1947,948,2025-11-07,2026-01-02,3
1948,949,2025-11-02,2025-12-28,3
1949,950,2025-11-13,2026-01-08,3
1950,951,2025-04-26,2025-06-21,3
1951,952,2025-09-25,2025-11-20,3
1952,953,2025-07-14,2025-09-08,3
1953,954,2025-08-19,2025-10-14,3
1954,955,2025-08-15,2025-10-10,3
1955,956,2025-06-02,2025-07-28,3
1956,957,2025-10-29,2025-12-24,3
1957,958,2025-08-08,2025-10-03,3
1958,959,2025-06-06,2025-08-01,3
1959,960,2025-10-19,2025-12-14,3
1960,961,2025-11-14,2026-01-09,3
1961,962,2025-01-31,2025-03-28,3
1962,963,2025-11-09,2026-01-04,3
1963,964,2025-02-20,2025-04-17,3
1964,965,2025-04-17,2025-06-12,3
1965,966,2025-11-17,2026-01-12,3
1966,967,2025-04-19,2025-06-14,3
1967,968,2025-05-16,2025-07-11,3
1968,969,2025-12-05,2026-01-30,3
1969,970,2025-02-11,2025-04-08,3
1970,971,2025-03-22,2025-05-17,3
1971,972,2025-05-03,2025-06-28,3
1972,973,2025-03-30,2025-05-25,3
1973,974,2025-10-10,2025-12-05,3
1974,975,2025-02-08,2025-04-05,3
1975,976,2025-03-22,2025-05-17,3
1976,977,2025-01-02,2025-02-27,3
1977,978,2025-07-29,2025-09-23,3
1978,979,2025-08-19,2025-10-14,3
1979,980,2025-12-19,2026-02-13,3
1980,981,2025-11-01,2025-12-27,3
1981,982,2025-08-29,2025-10-24,3
1982,983,2025-05-30,2025-07-25,3
1983,984,2025-01-17,2025-03-14,3
1984,985,2025-04-29,2025-06-24,3
1985,986,2025-05-28,2025-07-23,3
1986,987,2025-12-28,2026-02-22,3
1987,988,2025-05-25,2025-07-20,3
1988,989,2025-12-26,2026-02-20,3
1989,990,2025-08-21,2025-10-16,3
1990,991,2025-02-06,2025-04-03,3
1991,992,2025-12-18,2026-02-12,3
1992,993,2025-04-30,2025-06-25,3
1993,994,2025-05-16,2025-07-11,3
1994,995,2025-11-17,2026-01-12,3
1995,996,2025-10-29,2025-12-24,3
1996,997,2025-12-05,2026-01-30,3
1997,998,2025-04-12,2025-06-07,3
1998,999,2025-08-06,2025-10-01,3
1999,1000,2025-02-28,2025-04-25,3
